{
  "n": 113,
  "lambda_1_rf_0": {
    "lambda_value": 1.0,
    "mean": 1.327549492803307,
    "std": 4.543739913577447,
    "sharpe": 0.2921711009110291,
    "sortino": 0.47335195148632425,
    "omega": 2.07696630589219
  },
  "lambda_2_rf_025": {
    "lambda_value": 2.0,
    "mean": 2.4050989856066143,
    "std": 9.087479827154894,
    "sharpe": 0.26466072347360603,
    "sortino": 0.4205029295011363,
    "omega": 1.9470240140819375
  },
  "compile_status": "Compiled PDF with pdflatex."
}